old_category,old_category_label,old_parent_slug,old_slug,source_type,new_category_segment,new_product_slug,new_url,current_url_hints,redirect_type,selection_reason
"banners-displays","Banners & Displays","vinyl-banners","double-sided-banners","curatedCanonical","banners","double-sided-banners","/banners/double-sided-banners/","/shop/banners-displays/double-sided-banners/ | /order/double-sided-banners/ | /shop/banners-displays/vinyl-banners/","301","Dedicated double-sided banner page"
"banners-displays","Banners & Displays","flags-hardware","feather-flags","curatedCanonical","banners","feather-flags","/banners/feather-flags/","/shop/banners-displays/feather-flags/ | /order/feather-flags/ | /shop/banners-displays/flags-hardware/","301","Feather flags"
"banners-displays","Banners & Displays","mesh-banners","mesh-banners","curatedCanonical","banners","mesh-banners","/banners/mesh-banners/","/shop/banners-displays/mesh-banners/ | /order/mesh-banners/","301","Mesh banner family"
"banners-displays","Banners & Displays","tents-outdoor","outdoor-canopy-tent-10x10","curatedCanonical","banners","custom-tent-10x10","/banners/custom-tent-10x10/","/shop/banners-displays/outdoor-canopy-tent-10x10/ | /order/outdoor-canopy-tent-10x10/ | /shop/banners-displays/tents-outdoor/","301","Custom tent 10x10"
"banners-displays","Banners & Displays","pole-banners","pole-banners","curatedCanonical","banners","pole-banners","/banners/pole-banners/","/shop/banners-displays/pole-banners/ | /order/pole-banners/","301","Pole banners"
"banners-displays","Banners & Displays","retractable-stands","roll-up-banners","curatedCanonical","banners","retractable-banners","/banners/retractable-banners/","/shop/banners-displays/roll-up-banners/ | /order/roll-up-banners/ | /shop/banners-displays/retractable-stands/","301","Retractable / roll-up banners"
"banners-displays","Banners & Displays","backdrops-popups","step-repeat-backdrops","curatedCanonical","banners","step-repeat-backdrops","/banners/step-repeat-backdrops/","/shop/banners-displays/step-repeat-backdrops/ | /order/step-repeat-backdrops/ | /shop/banners-displays/backdrops-popups/","301","Backdrop / step & repeat"
"banners-displays","Banners & Displays","tabletop-displays","table-cloth","curatedCanonical","banners","table-cloths","/banners/table-cloths/","/shop/banners-displays/table-cloth/ | /order/table-cloth/ | /shop/banners-displays/tabletop-displays/","301","Table cloth"
"banners-displays","Banners & Displays","tabletop-displays","tabletop-displays","curatedCanonical","banners","tabletop-banners","/banners/tabletop-banners/","/shop/banners-displays/tabletop-displays/ | /order/tabletop-displays/","301","Tabletop banner/display family"
"banners-displays","Banners & Displays","flags-hardware","teardrop-flags","curatedCanonical","banners","teardrop-flags","/banners/teardrop-flags/","/shop/banners-displays/teardrop-flags/ | /order/teardrop-flags/ | /shop/banners-displays/flags-hardware/","301","Teardrop flags"
"banners-displays","Banners & Displays","backdrops-popups","telescopic-backdrop","curatedCanonical","banners","adjustable-telescopic-backdrop","/banners/adjustable-telescopic-backdrop/","/shop/banners-displays/telescopic-backdrop/ | /order/telescopic-backdrop/ | /shop/banners-displays/backdrops-popups/","301","Adjustable telescopic backdrop"
"banners-displays","Banners & Displays","backdrops-popups","tension-fabric-display-3x3","curatedCanonical","banners","fabric-pop-up-display","/banners/fabric-pop-up-display/","/shop/banners-displays/tension-fabric-display-3x3/ | /order/tension-fabric-display-3x3/ | /shop/banners-displays/backdrops-popups/","301","Fabric pop-up display representative"
"banners-displays","Banners & Displays","vinyl-banners","vinyl-banners","curatedCanonical","banners","vinyl-banners","/banners/vinyl-banners/","/shop/banners-displays/vinyl-banners/ | /order/vinyl-banners/","301","Vinyl banner family"
"banners-displays","Banners & Displays","x-banner-stands","x-banner-prints","curatedCanonical","banners","x-banners","/banners/x-banners/","/shop/banners-displays/x-banner-prints/ | /order/x-banner-prints/ | /shop/banners-displays/x-banner-stands/","301","X-banners"
"canvas-prints","Canvas Prints","canvas-collages","canvas-collages","catalogSubGroup","canvas","canvas-collages","/canvas/canvas-collages/","/shop/canvas-prints/canvas-collages/ | /order/canvas-collages/","301","Current canvas family page from catalog config"
"canvas-prints","Canvas Prints","classic-canvas-prints","classic-canvas-prints","catalogSubGroup","canvas","classic-canvas-prints","/canvas/classic-canvas-prints/","/shop/canvas-prints/classic-canvas-prints/ | /order/classic-canvas-prints/","301","Current canvas family page from catalog config"
"canvas-prints","Canvas Prints","floating-frame-canvas","floating-frame-canvas","catalogSubGroup","canvas","floating-frame-canvas","/canvas/floating-frame-canvas/","/shop/canvas-prints/floating-frame-canvas/ | /order/floating-frame-canvas/","301","Current canvas family page from catalog config"
"canvas-prints","Canvas Prints","hex-canvas-prints","hex-canvas-prints","catalogSubGroup","canvas","hex-canvas-prints","/canvas/hex-canvas-prints/","/shop/canvas-prints/hex-canvas-prints/ | /order/hex-canvas-prints/","301","Current canvas family page from catalog config"
"canvas-prints","Canvas Prints","large-format-canvas","large-format-canvas","catalogSubGroup","canvas","large-format-canvas","/canvas/large-format-canvas/","/shop/canvas-prints/large-format-canvas/ | /order/large-format-canvas/","301","Current canvas family page from catalog config"
"canvas-prints","Canvas Prints","rolled-canvas-prints","rolled-canvas-prints","catalogSubGroup","canvas","rolled-canvas-prints","/canvas/rolled-canvas-prints/","/shop/canvas-prints/rolled-canvas-prints/ | /order/rolled-canvas-prints/","301","Current canvas family page from catalog config"
"canvas-prints","Canvas Prints","triptych-canvas-split","triptych-canvas-split","catalogSubGroup","canvas","triptych-canvas-split","/canvas/triptych-canvas-split/","/shop/canvas-prints/triptych-canvas-split/ | /order/triptych-canvas-split/","301","Current canvas family page from catalog config"
"marketing-business-print","Marketing & Business Print","booklets","booklets","subProductExpand","print","booklets","/print/booklets/","/shop/marketing-business-print/booklets/ | /order/booklets/","301","Expanded from catalog subgroup booklets"
"marketing-business-print","Marketing & Business Print","booklets","booklets-perfect-bound","subProductExpand","print","booklets","/print/booklets/","/shop/marketing-business-print/booklets-perfect-bound/ | /order/booklets-perfect-bound/ | /shop/marketing-business-print/booklets/","301","Expanded from catalog subgroup booklets"
"marketing-business-print","Marketing & Business Print","booklets","booklets-saddle-stitch","subProductExpand","print","booklets","/print/booklets/","/shop/marketing-business-print/booklets-saddle-stitch/ | /order/booklets-saddle-stitch/ | /shop/marketing-business-print/booklets/","301","Expanded from catalog subgroup booklets"
"marketing-business-print","Marketing & Business Print","booklets","booklets-wire-o","subProductExpand","print","booklets","/print/booklets/","/shop/marketing-business-print/booklets-wire-o/ | /order/booklets-wire-o/ | /shop/marketing-business-print/booklets/","301","Expanded from catalog subgroup booklets"
"marketing-business-print","Marketing & Business Print","bookmarks","bookmarks","subProductExpand","print","bookmarks","/print/bookmarks/","/shop/marketing-business-print/bookmarks/ | /order/bookmarks/","301","Expanded from catalog subgroup bookmarks"
"marketing-business-print","Marketing & Business Print","bookmarks","bookmarks-custom","subProductExpand","print","bookmarks","/print/bookmarks/","/shop/marketing-business-print/bookmarks-custom/ | /order/bookmarks-custom/ | /shop/marketing-business-print/bookmarks/","301","Expanded from catalog subgroup bookmarks"
"marketing-business-print","Marketing & Business Print","brochures","brochures-bi-fold","subProductExpand","print","brochures","/print/brochures/","/shop/marketing-business-print/brochures-bi-fold/ | /order/brochures-bi-fold/ | /shop/marketing-business-print/brochures/","301","Expanded from catalog subgroup brochures"
"marketing-business-print","Marketing & Business Print","brochures","brochures-tri-fold","subProductExpand","print","brochures","/print/brochures/","/shop/marketing-business-print/brochures-tri-fold/ | /order/brochures-tri-fold/ | /shop/marketing-business-print/brochures/","301","Expanded from catalog subgroup brochures"
"marketing-business-print","Marketing & Business Print","brochures","brochures-z-fold","subProductExpand","print","brochures","/print/brochures/","/shop/marketing-business-print/brochures-z-fold/ | /order/brochures-z-fold/ | /shop/marketing-business-print/brochures/","301","Expanded from catalog subgroup brochures"
"marketing-business-print","Marketing & Business Print","business-cards","business-cards","subProductExpand","print","business-cards","/print/business-cards/","/shop/marketing-business-print/business-cards/ | /order/business-cards/","301","Expanded from catalog subgroup business-cards"
"marketing-business-print","Marketing & Business Print","business-cards","business-cards-classic","subProductExpand","print","business-cards","/print/business-cards/","/shop/marketing-business-print/business-cards-classic/ | /order/business-cards-classic/ | /shop/marketing-business-print/business-cards/","301","Expanded from catalog subgroup business-cards"
"marketing-business-print","Marketing & Business Print","business-cards","business-cards-gloss","subProductExpand","print","business-cards","/print/business-cards/","/shop/marketing-business-print/business-cards-gloss/ | /order/business-cards-gloss/ | /shop/marketing-business-print/business-cards/","301","Expanded from catalog subgroup business-cards"
"marketing-business-print","Marketing & Business Print","business-cards","business-cards-gold-foil","subProductExpand","print","business-cards","/print/business-cards/","/shop/marketing-business-print/business-cards-gold-foil/ | /order/business-cards-gold-foil/ | /shop/marketing-business-print/business-cards/","301","Expanded from catalog subgroup business-cards"
"marketing-business-print","Marketing & Business Print","business-cards","business-cards-linen","subProductExpand","print","business-cards","/print/business-cards/","/shop/marketing-business-print/business-cards-linen/ | /order/business-cards-linen/ | /shop/marketing-business-print/business-cards/","301","Expanded from catalog subgroup business-cards"
"marketing-business-print","Marketing & Business Print","business-cards","business-cards-matte","subProductExpand","print","business-cards","/print/business-cards/","/shop/marketing-business-print/business-cards-matte/ | /order/business-cards-matte/ | /shop/marketing-business-print/business-cards/","301","Expanded from catalog subgroup business-cards"
"marketing-business-print","Marketing & Business Print","business-cards","business-cards-pearl","subProductExpand","print","business-cards","/print/business-cards/","/shop/marketing-business-print/business-cards-pearl/ | /order/business-cards-pearl/ | /shop/marketing-business-print/business-cards/","301","Expanded from catalog subgroup business-cards"
"marketing-business-print","Marketing & Business Print","business-cards","business-cards-soft-touch","subProductExpand","print","business-cards","/print/business-cards/","/shop/marketing-business-print/business-cards-soft-touch/ | /order/business-cards-soft-touch/ | /shop/marketing-business-print/business-cards/","301","Expanded from catalog subgroup business-cards"
"marketing-business-print","Marketing & Business Print","business-cards","business-cards-thick","subProductExpand","print","business-cards","/print/business-cards/","/shop/marketing-business-print/business-cards-thick/ | /order/business-cards-thick/ | /shop/marketing-business-print/business-cards/","301","Expanded from catalog subgroup business-cards"
"marketing-business-print","Marketing & Business Print","calendars","calendars-wall","subProductExpand","print","calendars","/print/calendars/","/shop/marketing-business-print/calendars-wall/ | /order/calendars-wall/ | /shop/marketing-business-print/calendars/","301","Expanded from catalog subgroup calendars"
"marketing-business-print","Marketing & Business Print","calendars","calendars-wall-desk","subProductExpand","print","calendars","/print/calendars/","/shop/marketing-business-print/calendars-wall-desk/ | /order/calendars-wall-desk/ | /shop/marketing-business-print/calendars/","301","Expanded from catalog subgroup calendars"
"marketing-business-print","Marketing & Business Print","tickets-coupons","cardstock-prints","subProductExpand","print","tickets-coupons","/print/tickets-coupons/","/shop/marketing-business-print/cardstock-prints/ | /order/cardstock-prints/ | /shop/marketing-business-print/tickets-coupons/","301","Expanded from catalog subgroup tickets-coupons"
"marketing-business-print","Marketing & Business Print","booklets","catalog-booklets","subProductExpand","print","booklets","/print/booklets/","/shop/marketing-business-print/catalog-booklets/ | /order/catalog-booklets/ | /shop/marketing-business-print/booklets/","301","Expanded from catalog subgroup booklets"
"marketing-business-print","Marketing & Business Print","certificates","certificates","catalogSubGroup","print","certificates","/print/certificates/","/shop/marketing-business-print/certificates/ | /order/certificates/","301","Direct catalog subgroup page certificates"
"marketing-business-print","Marketing & Business Print","tickets-coupons","coupons","subProductExpand","print","tickets-coupons","/print/tickets-coupons/","/shop/marketing-business-print/coupons/ | /order/coupons/ | /shop/marketing-business-print/tickets-coupons/","301","Expanded from catalog subgroup tickets-coupons"
"marketing-business-print","Marketing & Business Print","document-printing","document-printing","catalogSubGroup","print","document-printing","/print/document-printing/","/shop/marketing-business-print/document-printing/ | /order/document-printing/","301","Direct catalog subgroup page document-printing"
"marketing-business-print","Marketing & Business Print","door-hangers","door-hangers-large","subProductExpand","print","door-hangers","/print/door-hangers/","/shop/marketing-business-print/door-hangers-large/ | /order/door-hangers-large/ | /shop/marketing-business-print/door-hangers/","301","Expanded from catalog subgroup door-hangers"
"marketing-business-print","Marketing & Business Print","door-hangers","door-hangers-perforated","subProductExpand","print","door-hangers","/print/door-hangers/","/shop/marketing-business-print/door-hangers-perforated/ | /order/door-hangers-perforated/ | /shop/marketing-business-print/door-hangers/","301","Expanded from catalog subgroup door-hangers"
"marketing-business-print","Marketing & Business Print","door-hangers","door-hangers-standard","subProductExpand","print","door-hangers","/print/door-hangers/","/shop/marketing-business-print/door-hangers-standard/ | /order/door-hangers-standard/ | /shop/marketing-business-print/door-hangers/","301","Expanded from catalog subgroup door-hangers"
"marketing-business-print","Marketing & Business Print","envelopes","envelopes","subProductExpand","print","envelopes","/print/envelopes/","/shop/marketing-business-print/envelopes/ | /order/envelopes/","301","Expanded from catalog subgroup envelopes"
"marketing-business-print","Marketing & Business Print","envelopes","envelopes-10-business","subProductExpand","print","envelopes","/print/envelopes/","/shop/marketing-business-print/envelopes-10-business/ | /order/envelopes-10-business/ | /shop/marketing-business-print/envelopes/","301","Expanded from catalog subgroup envelopes"
"marketing-business-print","Marketing & Business Print","envelopes","envelopes-6x9-catalog","subProductExpand","print","envelopes","/print/envelopes/","/shop/marketing-business-print/envelopes-6x9-catalog/ | /order/envelopes-6x9-catalog/ | /shop/marketing-business-print/envelopes/","301","Expanded from catalog subgroup envelopes"
"marketing-business-print","Marketing & Business Print","envelopes","envelopes-9x12-catalog","subProductExpand","print","envelopes","/print/envelopes/","/shop/marketing-business-print/envelopes-9x12-catalog/ | /order/envelopes-9x12-catalog/ | /shop/marketing-business-print/envelopes/","301","Expanded from catalog subgroup envelopes"
"marketing-business-print","Marketing & Business Print","envelopes","envelopes-a7-invitation","subProductExpand","print","envelopes","/print/envelopes/","/shop/marketing-business-print/envelopes-a7-invitation/ | /order/envelopes-a7-invitation/ | /shop/marketing-business-print/envelopes/","301","Expanded from catalog subgroup envelopes"
"marketing-business-print","Marketing & Business Print","envelopes","envelopes-standard","subProductExpand","print","envelopes","/print/envelopes/","/shop/marketing-business-print/envelopes-standard/ | /order/envelopes-standard/ | /shop/marketing-business-print/envelopes/","301","Expanded from catalog subgroup envelopes"
"marketing-business-print","Marketing & Business Print","flyers","flyers","catalogSubGroup","print","flyers","/print/flyers/","/shop/marketing-business-print/flyers/ | /order/flyers/","301","Direct catalog subgroup page flyers"
"marketing-business-print","Marketing & Business Print","greeting-invitation-cards","greeting-cards","subProductExpand","print","greeting-invitation-cards","/print/greeting-invitation-cards/","/shop/marketing-business-print/greeting-cards/ | /order/greeting-cards/ | /shop/marketing-business-print/greeting-invitation-cards/","301","Expanded from catalog subgroup greeting-invitation-cards"
"marketing-business-print","Marketing & Business Print","greeting-invitation-cards","invitation-cards","subProductExpand","print","greeting-invitation-cards","/print/greeting-invitation-cards/","/shop/marketing-business-print/invitation-cards/ | /order/invitation-cards/ | /shop/marketing-business-print/greeting-invitation-cards/","301","Expanded from catalog subgroup greeting-invitation-cards"
"marketing-business-print","Marketing & Business Print","greeting-invitation-cards","invitations-flat","subProductExpand","print","greeting-invitation-cards","/print/greeting-invitation-cards/","/shop/marketing-business-print/invitations-flat/ | /order/invitations-flat/ | /shop/marketing-business-print/greeting-invitation-cards/","301","Expanded from catalog subgroup greeting-invitation-cards"
"marketing-business-print","Marketing & Business Print","letterhead","letterhead","subProductExpand","print","letterheads","/print/letterheads/","/shop/marketing-business-print/letterhead/ | /order/letterhead/","301","Expanded from catalog subgroup letterhead"
"marketing-business-print","Marketing & Business Print","letterhead","letterhead-standard","subProductExpand","print","letterheads","/print/letterheads/","/shop/marketing-business-print/letterhead-standard/ | /order/letterhead-standard/ | /shop/marketing-business-print/letterhead/","301","Expanded from catalog subgroup letterhead"
"marketing-business-print","Marketing & Business Print","tickets-coupons","loyalty-cards","subProductExpand","print","tickets-coupons","/print/tickets-coupons/","/shop/marketing-business-print/loyalty-cards/ | /order/loyalty-cards/ | /shop/marketing-business-print/tickets-coupons/","301","Expanded from catalog subgroup tickets-coupons"
"marketing-business-print","Marketing & Business Print","business-cards","magnets-business-card","subProductExpand","print","business-card-magnets","/print/business-card-magnets/","/shop/marketing-business-print/magnets-business-card/ | /order/magnets-business-card/ | /shop/marketing-business-print/business-cards/","301","Expanded from catalog subgroup business-cards"
"marketing-business-print","Marketing & Business Print","menus","menus-laminated","subProductExpand","print","menus","/print/menus/","/shop/marketing-business-print/menus-laminated/ | /order/menus-laminated/ | /shop/marketing-business-print/menus/","301","Expanded from catalog subgroup menus"
"marketing-business-print","Marketing & Business Print","menus","menus-takeout","subProductExpand","print","menus","/print/menus/","/shop/marketing-business-print/menus-takeout/ | /order/menus-takeout/ | /shop/marketing-business-print/menus/","301","Expanded from catalog subgroup menus"
"marketing-business-print","Marketing & Business Print","ncr-forms","ncr-forms-duplicate","subProductExpand","print","ncr-forms","/print/ncr-forms/","/shop/marketing-business-print/ncr-forms-duplicate/ | /order/ncr-forms-duplicate/ | /shop/marketing-business-print/ncr-forms/","301","Expanded from catalog subgroup ncr-forms"
"marketing-business-print","Marketing & Business Print","ncr-forms","ncr-forms-triplicate","subProductExpand","print","ncr-forms","/print/ncr-forms/","/shop/marketing-business-print/ncr-forms-triplicate/ | /order/ncr-forms-triplicate/ | /shop/marketing-business-print/ncr-forms/","301","Expanded from catalog subgroup ncr-forms"
"marketing-business-print","Marketing & Business Print","ncr-forms","ncr-invoices","subProductExpand","print","ncr-forms","/print/ncr-forms/","/shop/marketing-business-print/ncr-invoices/ | /order/ncr-invoices/ | /shop/marketing-business-print/ncr-forms/","301","Expanded from catalog subgroup ncr-forms"
"marketing-business-print","Marketing & Business Print","notepads","notepads","subProductExpand","print","notepads","/print/notepads/","/shop/marketing-business-print/notepads/ | /order/notepads/","301","Expanded from catalog subgroup notepads"
"marketing-business-print","Marketing & Business Print","notepads","notepads-custom","subProductExpand","print","notepads","/print/notepads/","/shop/marketing-business-print/notepads-custom/ | /order/notepads-custom/ | /shop/marketing-business-print/notepads/","301","Expanded from catalog subgroup notepads"
"marketing-business-print","Marketing & Business Print","postcards","postcards","catalogSubGroup","print","postcards","/print/postcards/","/shop/marketing-business-print/postcards/ | /order/postcards/","301","Direct catalog subgroup page postcards"
"marketing-business-print","Marketing & Business Print","posters","posters","subProductExpand","print","posters","/print/posters/","/shop/marketing-business-print/posters/ | /order/posters/","301","Expanded from catalog subgroup posters"
"marketing-business-print","Marketing & Business Print","posters","posters-adhesive","subProductExpand","print","posters","/print/posters/","/shop/marketing-business-print/posters-adhesive/ | /order/posters-adhesive/ | /shop/marketing-business-print/posters/","301","Expanded from catalog subgroup posters"
"marketing-business-print","Marketing & Business Print","posters","posters-backlit","subProductExpand","print","posters","/print/posters/","/shop/marketing-business-print/posters-backlit/ | /order/posters-backlit/ | /shop/marketing-business-print/posters/","301","Expanded from catalog subgroup posters"
"marketing-business-print","Marketing & Business Print","posters","posters-glossy","subProductExpand","print","posters","/print/posters/","/shop/marketing-business-print/posters-glossy/ | /order/posters-glossy/ | /shop/marketing-business-print/posters/","301","Expanded from catalog subgroup posters"
"marketing-business-print","Marketing & Business Print","posters","posters-matte","subProductExpand","print","posters","/print/posters/","/shop/marketing-business-print/posters-matte/ | /order/posters-matte/ | /shop/marketing-business-print/posters/","301","Expanded from catalog subgroup posters"
"marketing-business-print","Marketing & Business Print","rack-cards","rack-cards","catalogSubGroup","print","rack-cards","/print/rack-cards/","/shop/marketing-business-print/rack-cards/ | /order/rack-cards/","301","Direct catalog subgroup page rack-cards"
"marketing-business-print","Marketing & Business Print","table-tents","table-display-cards","subProductExpand","print","table-tents","/print/table-tents/","/shop/marketing-business-print/table-display-cards/ | /order/table-display-cards/ | /shop/marketing-business-print/table-tents/","301","Expanded from catalog subgroup table-tents"
"marketing-business-print","Marketing & Business Print","menus","table-mat","subProductExpand","print","menus","/print/menus/","/shop/marketing-business-print/table-mat/ | /order/table-mat/ | /shop/marketing-business-print/menus/","301","Expanded from catalog subgroup menus"
"marketing-business-print","Marketing & Business Print","table-tents","table-tent-cards","subProductExpand","print","table-tents","/print/table-tents/","/shop/marketing-business-print/table-tent-cards/ | /order/table-tent-cards/ | /shop/marketing-business-print/table-tents/","301","Expanded from catalog subgroup table-tents"
"marketing-business-print","Marketing & Business Print","table-tents","table-tents","subProductExpand","print","table-tents","/print/table-tents/","/shop/marketing-business-print/table-tents/ | /order/table-tents/","301","Expanded from catalog subgroup table-tents"
"marketing-business-print","Marketing & Business Print","table-tents","table-tents-4x6","subProductExpand","print","table-tents","/print/table-tents/","/shop/marketing-business-print/table-tents-4x6/ | /order/table-tents-4x6/ | /shop/marketing-business-print/table-tents/","301","Expanded from catalog subgroup table-tents"
"marketing-business-print","Marketing & Business Print","tickets-coupons","tickets","subProductExpand","print","tickets-coupons","/print/tickets-coupons/","/shop/marketing-business-print/tickets/ | /order/tickets/ | /shop/marketing-business-print/tickets-coupons/","301","Expanded from catalog subgroup tickets-coupons"
"signs-rigid-boards","Signs & Rigid Boards","a-frame-sign-stand","a-frame-sign-stand","catalogSubGroup","signs","a-frame-signs","/signs/a-frame-signs/","/shop/signs-rigid-boards/a-frame-sign-stand/ | /order/a-frame-sign-stand/","301","Current sign family page from catalog config"
"signs-rigid-boards","Signs & Rigid Boards","directional-signs","directional-signs","catalogSubGroup","signs","directional-signs","/signs/directional-signs/","/shop/signs-rigid-boards/directional-signs/ | /order/directional-signs/","301","Current sign family page from catalog config"
"signs-rigid-boards","Signs & Rigid Boards","election-signs","election-signs","catalogSubGroup","signs","election-signs","/signs/election-signs/","/shop/signs-rigid-boards/election-signs/ | /order/election-signs/","301","Current sign family page from catalog config"
"signs-rigid-boards","Signs & Rigid Boards","h-stakes","h-stakes","catalogSubGroup","signs","h-wire-stakes","/signs/h-wire-stakes/","/shop/signs-rigid-boards/h-stakes/ | /order/h-stakes/","301","Current sign family page from catalog config"
"signs-rigid-boards","Signs & Rigid Boards","open-house-signs","open-house-signs","catalogSubGroup","signs","open-house-signs","/signs/open-house-signs/","/shop/signs-rigid-boards/open-house-signs/ | /order/open-house-signs/","301","Current sign family page from catalog config"
"signs-rigid-boards","Signs & Rigid Boards","pvc-board-signs","pvc-board-signs","catalogSubGroup","signs","pvc-board-signs","/signs/pvc-board-signs/","/shop/signs-rigid-boards/pvc-board-signs/ | /order/pvc-board-signs/","301","Current sign family page from catalog config"
"signs-rigid-boards","Signs & Rigid Boards","real-estate-frame","real-estate-frame","catalogSubGroup","signs","real-estate-sign-frames","/signs/real-estate-sign-frames/","/shop/signs-rigid-boards/real-estate-frame/ | /order/real-estate-frame/","301","Current sign family page from catalog config"
"signs-rigid-boards","Signs & Rigid Boards","real-estate-sign","real-estate-sign","catalogSubGroup","signs","real-estate-signs","/signs/real-estate-signs/","/shop/signs-rigid-boards/real-estate-sign/ | /order/real-estate-sign/","301","Current sign family page from catalog config"
"signs-rigid-boards","Signs & Rigid Boards","selfie-frame-board","selfie-frame-board","catalogSubGroup","signs","event-photo-boards","/signs/event-photo-boards/","/shop/signs-rigid-boards/selfie-frame-board/ | /order/selfie-frame-board/","301","Current sign family page from catalog config"
"signs-rigid-boards","Signs & Rigid Boards","tri-fold-presentation-board","tri-fold-presentation-board","catalogSubGroup","signs","presentation-boards","/signs/presentation-boards/","/shop/signs-rigid-boards/tri-fold-presentation-board/ | /order/tri-fold-presentation-board/","301","Current sign family page from catalog config"
"signs-rigid-boards","Signs & Rigid Boards","welcome-sign-board","welcome-sign-board","catalogSubGroup","signs","event-welcome-signs","/signs/event-welcome-signs/","/shop/signs-rigid-boards/welcome-sign-board/ | /order/welcome-sign-board/","301","Current sign family page from catalog config"
"signs-rigid-boards","Signs & Rigid Boards","yard-sign","yard-sign","catalogSubGroup","signs","yard-signs","/signs/yard-signs/","/shop/signs-rigid-boards/yard-sign/ | /order/yard-sign/","301","Current sign family page from catalog config"
"stickers-labels-decals","Stickers, Labels & Decals","warehouse-labels","aisle-markers-hanging","liveProduct","stickers","warehouse-labels","/stickers/warehouse-labels/","/shop/stickers-labels-decals/aisle-markers-hanging/ | /order/aisle-markers-hanging/ | /shop/stickers-labels-decals/warehouse-labels/","301","Live product export row (selected sticker/label SEO set)"
"stickers-labels-decals","Stickers, Labels & Decals","electrical-chemical","arc-flash-labels","liveProduct","stickers","electrical-chemical-labels","/stickers/electrical-chemical-labels/","/shop/stickers-labels-decals/arc-flash-labels/ | /order/arc-flash-labels/ | /shop/stickers-labels-decals/electrical-chemical/","301","Live product export row (selected sticker/label SEO set)"
"stickers-labels-decals","Stickers, Labels & Decals","asset-equipment-tags","asset-tags-qr-barcode","liveProduct","stickers","asset-equipment-labels","/stickers/asset-equipment-labels/","/shop/stickers-labels-decals/asset-tags-qr-barcode/ | /order/asset-tags-qr-barcode/ | /shop/stickers-labels-decals/asset-equipment-tags/","301","Live product export row (selected sticker/label SEO set)"
"stickers-labels-decals","Stickers, Labels & Decals","asset-equipment-tags","asset-tags-tamper-evident","liveProduct","stickers","asset-equipment-labels","/stickers/asset-equipment-labels/","/shop/stickers-labels-decals/asset-tags-tamper-evident/ | /order/asset-tags-tamper-evident/ | /shop/stickers-labels-decals/asset-equipment-tags/","301","Live product export row (selected sticker/label SEO set)"
"stickers-labels-decals","Stickers, Labels & Decals","sticker-rolls","barcode-labels","liveProduct","stickers","roll-labels","/stickers/roll-labels/","/shop/stickers-labels-decals/barcode-labels/ | /order/barcode-labels/ | /shop/stickers-labels-decals/sticker-rolls/","301","Live product export row (selected sticker/label SEO set)"
"stickers-labels-decals","Stickers, Labels & Decals","electrical-chemical","chemical-storage-labels","liveProduct","stickers","electrical-chemical-labels","/stickers/electrical-chemical-labels/","/shop/stickers-labels-decals/chemical-storage-labels/ | /order/chemical-storage-labels/ | /shop/stickers-labels-decals/electrical-chemical/","301","Live product export row (selected sticker/label SEO set)"
"stickers-labels-decals","Stickers, Labels & Decals","sticker-rolls","clear-labels","liveProduct","stickers","roll-labels","/stickers/roll-labels/","/shop/stickers-labels-decals/clear-labels/ | /order/clear-labels/ | /shop/stickers-labels-decals/sticker-rolls/","301","Live product export row (selected sticker/label SEO set)"
"stickers-labels-decals","Stickers, Labels & Decals","die-cut-stickers","clear-singles","liveProduct","stickers","die-cut-stickers","/stickers/die-cut-stickers/","/shop/stickers-labels-decals/clear-singles/ | /order/clear-singles/ | /shop/stickers-labels-decals/die-cut-stickers/","301","Live product export row (selected sticker/label SEO set)"
"stickers-labels-decals","Stickers, Labels & Decals","hazard-warning","confined-space-warning-signs","liveProduct","stickers","hazard-warning-labels","/stickers/hazard-warning-labels/","/shop/stickers-labels-decals/confined-space-warning-signs/ | /order/confined-space-warning-signs/ | /shop/stickers-labels-decals/hazard-warning/","301","Live product export row (selected sticker/label SEO set)"
"stickers-labels-decals","Stickers, Labels & Decals","ppe-equipment","crane-lift-capacity-labels","liveProduct","stickers","ppe-equipment-labels","/stickers/ppe-equipment-labels/","/shop/stickers-labels-decals/crane-lift-capacity-labels/ | /order/crane-lift-capacity-labels/ | /shop/stickers-labels-decals/ppe-equipment/","301","Live product export row (selected sticker/label SEO set)"
"stickers-labels-decals","Stickers, Labels & Decals","die-cut-stickers","die-cut-singles","liveProduct","stickers","die-cut-stickers","/stickers/die-cut-stickers/","/shop/stickers-labels-decals/die-cut-singles/ | /order/die-cut-singles/ | /shop/stickers-labels-decals/die-cut-stickers/","301","Live product export row (selected sticker/label SEO set)"
"stickers-labels-decals","Stickers, Labels & Decals","die-cut-stickers","die-cut-stickers","liveProduct","stickers","die-cut-stickers","/stickers/die-cut-stickers/","/shop/stickers-labels-decals/die-cut-stickers/ | /order/die-cut-stickers/","301","Live product export row (selected sticker/label SEO set)"
"stickers-labels-decals","Stickers, Labels & Decals","warehouse-labels","dock-door-numbers","liveProduct","stickers","warehouse-labels","/stickers/warehouse-labels/","/shop/stickers-labels-decals/dock-door-numbers/ | /order/dock-door-numbers/ | /shop/stickers-labels-decals/warehouse-labels/","301","Live product export row (selected sticker/label SEO set)"
"stickers-labels-decals","Stickers, Labels & Decals","fire-emergency","emergency-exit-egress-signs-set","liveProduct","stickers","safety-emergency-labels","/stickers/safety-emergency-labels/","/shop/stickers-labels-decals/emergency-exit-egress-signs-set/ | /order/emergency-exit-egress-signs-set/ | /shop/stickers-labels-decals/fire-emergency/","301","Live product export row (selected sticker/label SEO set)"
"stickers-labels-decals","Stickers, Labels & Decals","asset-equipment-tags","equipment-rating-plates","liveProduct","stickers","asset-equipment-labels","/stickers/asset-equipment-labels/","/shop/stickers-labels-decals/equipment-rating-plates/ | /order/equipment-rating-plates/ | /shop/stickers-labels-decals/asset-equipment-tags/","301","Live product export row (selected sticker/label SEO set)"
"stickers-labels-decals","Stickers, Labels & Decals","fire-emergency","fire-extinguisher-location-stickers","liveProduct","stickers","safety-emergency-labels","/stickers/safety-emergency-labels/","/shop/stickers-labels-decals/fire-extinguisher-location-stickers/ | /order/fire-extinguisher-location-stickers/ | /shop/stickers-labels-decals/fire-emergency/","301","Live product export row (selected sticker/label SEO set)"
"stickers-labels-decals","Stickers, Labels & Decals","fire-emergency","first-aid-location-stickers","liveProduct","stickers","safety-emergency-labels","/stickers/safety-emergency-labels/","/shop/stickers-labels-decals/first-aid-location-stickers/ | /order/first-aid-location-stickers/ | /shop/stickers-labels-decals/fire-emergency/","301","Live product export row (selected sticker/label SEO set)"
"stickers-labels-decals","Stickers, Labels & Decals","die-cut-stickers","foil-stickers","liveProduct","stickers","die-cut-stickers","/stickers/die-cut-stickers/","/shop/stickers-labels-decals/foil-stickers/ | /order/foil-stickers/ | /shop/stickers-labels-decals/die-cut-stickers/","301","Live product export row (selected sticker/label SEO set)"
"stickers-labels-decals","Stickers, Labels & Decals","ppe-equipment","forklift-safety-decals","liveProduct","stickers","ppe-equipment-labels","/stickers/ppe-equipment-labels/","/shop/stickers-labels-decals/forklift-safety-decals/ | /order/forklift-safety-decals/ | /shop/stickers-labels-decals/ppe-equipment/","301","Live product export row (selected sticker/label SEO set)"
"stickers-labels-decals","Stickers, Labels & Decals","sticker-rolls","freezer-labels","liveProduct","stickers","roll-labels","/stickers/roll-labels/","/shop/stickers-labels-decals/freezer-labels/ | /order/freezer-labels/ | /shop/stickers-labels-decals/sticker-rolls/","301","Live product export row (selected sticker/label SEO set)"
"stickers-labels-decals","Stickers, Labels & Decals","hazard-warning","hazard-ghs-labels","liveProduct","stickers","hazard-warning-labels","/stickers/hazard-warning-labels/","/shop/stickers-labels-decals/hazard-ghs-labels/ | /order/hazard-ghs-labels/ | /shop/stickers-labels-decals/hazard-warning/","301","Live product export row (selected sticker/label SEO set)"
"stickers-labels-decals","Stickers, Labels & Decals","die-cut-stickers","heavy-duty-vinyl-stickers","liveProduct","stickers","die-cut-stickers","/stickers/die-cut-stickers/","/shop/stickers-labels-decals/heavy-duty-vinyl-stickers/ | /order/heavy-duty-vinyl-stickers/ | /shop/stickers-labels-decals/die-cut-stickers/","301","Live product export row (selected sticker/label SEO set)"
"stickers-labels-decals","Stickers, Labels & Decals","electrical-chemical","high-voltage-warning-signs","liveProduct","stickers","electrical-chemical-labels","/stickers/electrical-chemical-labels/","/shop/stickers-labels-decals/high-voltage-warning-signs/ | /order/high-voltage-warning-signs/ | /shop/stickers-labels-decals/electrical-chemical/","301","Live product export row (selected sticker/label SEO set)"
"stickers-labels-decals","Stickers, Labels & Decals","die-cut-stickers","holographic-singles","liveProduct","stickers","die-cut-stickers","/stickers/die-cut-stickers/","/shop/stickers-labels-decals/holographic-singles/ | /order/holographic-singles/ | /shop/stickers-labels-decals/die-cut-stickers/","301","Live product export row (selected sticker/label SEO set)"
"stickers-labels-decals","Stickers, Labels & Decals","die-cut-stickers","holographic-stickers","liveProduct","stickers","die-cut-stickers","/stickers/die-cut-stickers/","/shop/stickers-labels-decals/holographic-stickers/ | /order/holographic-stickers/ | /shop/stickers-labels-decals/die-cut-stickers/","301","Live product export row (selected sticker/label SEO set)"
"stickers-labels-decals","Stickers, Labels & Decals","sticker-pages","kiss-cut-sticker-sheets","liveProduct","stickers","sticker-sheets","/stickers/sticker-sheets/","/shop/stickers-labels-decals/kiss-cut-sticker-sheets/ | /order/kiss-cut-sticker-sheets/ | /shop/stickers-labels-decals/sticker-pages/","301","Live product export row (selected sticker/label SEO set)"
"stickers-labels-decals","Stickers, Labels & Decals","sticker-rolls","kraft-paper-labels","liveProduct","stickers","roll-labels","/stickers/roll-labels/","/shop/stickers-labels-decals/kraft-paper-labels/ | /order/kraft-paper-labels/ | /shop/stickers-labels-decals/sticker-rolls/","301","Live product export row (selected sticker/label SEO set)"
"stickers-labels-decals","Stickers, Labels & Decals","sticker-rolls","labels-clear","liveProduct","stickers","roll-labels","/stickers/roll-labels/","/shop/stickers-labels-decals/labels-clear/ | /order/labels-clear/ | /shop/stickers-labels-decals/sticker-rolls/","301","Live product export row (selected sticker/label SEO set)"
"stickers-labels-decals","Stickers, Labels & Decals","sticker-rolls","labels-roll-quote","liveProduct","stickers","roll-labels","/stickers/roll-labels/","/shop/stickers-labels-decals/labels-roll-quote/ | /order/labels-roll-quote/ | /shop/stickers-labels-decals/sticker-rolls/","301","Live product export row (selected sticker/label SEO set)"
"stickers-labels-decals","Stickers, Labels & Decals","sticker-rolls","labels-white-bopp","liveProduct","stickers","roll-labels","/stickers/roll-labels/","/shop/stickers-labels-decals/labels-white-bopp/ | /order/labels-white-bopp/ | /shop/stickers-labels-decals/sticker-rolls/","301","Live product export row (selected sticker/label SEO set)"
"stickers-labels-decals","Stickers, Labels & Decals","electrical-chemical","lockout-tagout-labels","liveProduct","stickers","electrical-chemical-labels","/stickers/electrical-chemical-labels/","/shop/stickers-labels-decals/lockout-tagout-labels/ | /order/lockout-tagout-labels/ | /shop/stickers-labels-decals/electrical-chemical/","301","Live product export row (selected sticker/label SEO set)"
"stickers-labels-decals","Stickers, Labels & Decals","hazard-warning","no-smoking-decals-set","liveProduct","stickers","hazard-warning-labels","/stickers/hazard-warning-labels/","/shop/stickers-labels-decals/no-smoking-decals-set/ | /order/no-smoking-decals-set/ | /shop/stickers-labels-decals/hazard-warning/","301","Live product export row (selected sticker/label SEO set)"
"stickers-labels-decals","Stickers, Labels & Decals","hazard-warning","parking-lot-stencils","liveProduct","stickers","hazard-warning-labels","/stickers/hazard-warning-labels/","/shop/stickers-labels-decals/parking-lot-stencils/ | /order/parking-lot-stencils/ | /shop/stickers-labels-decals/hazard-warning/","301","Live product export row (selected sticker/label SEO set)"
"stickers-labels-decals","Stickers, Labels & Decals","pipe-valve-labels","pipe-markers-color-coded","liveProduct","stickers","pipe-valve-labels","/stickers/pipe-valve-labels/","/shop/stickers-labels-decals/pipe-markers-color-coded/ | /order/pipe-markers-color-coded/ | /shop/stickers-labels-decals/pipe-valve-labels/","301","Live product export row (selected sticker/label SEO set)"
"stickers-labels-decals","Stickers, Labels & Decals","pipe-valve-labels","pipe-markers-custom","liveProduct","stickers","pipe-valve-labels","/stickers/pipe-valve-labels/","/shop/stickers-labels-decals/pipe-markers-custom/ | /order/pipe-markers-custom/ | /shop/stickers-labels-decals/pipe-valve-labels/","301","Live product export row (selected sticker/label SEO set)"
"stickers-labels-decals","Stickers, Labels & Decals","ppe-equipment","ppe-hard-hat-stickers","liveProduct","stickers","ppe-equipment-labels","/stickers/ppe-equipment-labels/","/shop/stickers-labels-decals/ppe-hard-hat-stickers/ | /order/ppe-hard-hat-stickers/ | /shop/stickers-labels-decals/ppe-equipment/","301","Live product export row (selected sticker/label SEO set)"
"stickers-labels-decals","Stickers, Labels & Decals","ppe-equipment","ppe-required-signs","liveProduct","stickers","ppe-equipment-labels","/stickers/ppe-equipment-labels/","/shop/stickers-labels-decals/ppe-required-signs/ | /order/ppe-required-signs/ | /shop/stickers-labels-decals/ppe-equipment/","301","Live product export row (selected sticker/label SEO set)"
"stickers-labels-decals","Stickers, Labels & Decals","sticker-rolls","qr-code-labels","liveProduct","stickers","roll-labels","/stickers/roll-labels/","/shop/stickers-labels-decals/qr-code-labels/ | /order/qr-code-labels/ | /shop/stickers-labels-decals/sticker-rolls/","301","Live product export row (selected sticker/label SEO set)"
"stickers-labels-decals","Stickers, Labels & Decals","warehouse-labels","rack-labels-warehouse","liveProduct","stickers","warehouse-labels","/stickers/warehouse-labels/","/shop/stickers-labels-decals/rack-labels-warehouse/ | /order/rack-labels-warehouse/ | /shop/stickers-labels-decals/warehouse-labels/","301","Live product export row (selected sticker/label SEO set)"
"stickers-labels-decals","Stickers, Labels & Decals","kiss-cut-singles","removable-stickers","liveProduct","stickers","kiss-cut-stickers","/stickers/kiss-cut-stickers/","/shop/stickers-labels-decals/removable-stickers/ | /order/removable-stickers/ | /shop/stickers-labels-decals/kiss-cut-singles/","301","Live product export row (selected sticker/label SEO set)"
"stickers-labels-decals","Stickers, Labels & Decals","sticker-rolls","roll-labels","liveProduct","stickers","roll-labels","/stickers/roll-labels/","/shop/stickers-labels-decals/roll-labels/ | /order/roll-labels/ | /shop/stickers-labels-decals/sticker-rolls/","301","Live product export row (selected sticker/label SEO set)"
"stickers-labels-decals","Stickers, Labels & Decals","hazard-warning","safety-notice-decal-pack","liveProduct","stickers","hazard-warning-labels","/stickers/hazard-warning-labels/","/shop/stickers-labels-decals/safety-notice-decal-pack/ | /order/safety-notice-decal-pack/ | /shop/stickers-labels-decals/hazard-warning/","301","Live product export row (selected sticker/label SEO set)"
"stickers-labels-decals","Stickers, Labels & Decals","hazard-warning","slip-trip-hazard-signs","liveProduct","stickers","hazard-warning-labels","/stickers/hazard-warning-labels/","/shop/stickers-labels-decals/slip-trip-hazard-signs/ | /order/slip-trip-hazard-signs/ | /shop/stickers-labels-decals/hazard-warning/","301","Live product export row (selected sticker/label SEO set)"
"stickers-labels-decals","Stickers, Labels & Decals","sticker-pages","sticker-packs","liveProduct","stickers","sticker-sheets","/stickers/sticker-sheets/","/shop/stickers-labels-decals/sticker-packs/ | /order/sticker-packs/ | /shop/stickers-labels-decals/sticker-pages/","301","Live product export row (selected sticker/label SEO set)"
"stickers-labels-decals","Stickers, Labels & Decals","sticker-pages","sticker-sheets","liveProduct","stickers","sticker-sheets","/stickers/sticker-sheets/","/shop/stickers-labels-decals/sticker-sheets/ | /order/sticker-sheets/ | /shop/stickers-labels-decals/sticker-pages/","301","Live product export row (selected sticker/label SEO set)"
"stickers-labels-decals","Stickers, Labels & Decals","die-cut-stickers","stickers-color-on-clear","liveProduct","stickers","die-cut-stickers","/stickers/die-cut-stickers/","/shop/stickers-labels-decals/stickers-color-on-clear/ | /order/stickers-color-on-clear/ | /shop/stickers-labels-decals/die-cut-stickers/","301","Live product export row (selected sticker/label SEO set)"
"stickers-labels-decals","Stickers, Labels & Decals","die-cut-stickers","stickers-color-on-white","liveProduct","stickers","die-cut-stickers","/stickers/die-cut-stickers/","/shop/stickers-labels-decals/stickers-color-on-white/ | /order/stickers-color-on-white/ | /shop/stickers-labels-decals/die-cut-stickers/","301","Live product export row (selected sticker/label SEO set)"
"stickers-labels-decals","Stickers, Labels & Decals","die-cut-stickers","stickers-die-cut-custom","liveProduct","stickers","die-cut-stickers","/stickers/die-cut-stickers/","/shop/stickers-labels-decals/stickers-die-cut-custom/ | /order/stickers-die-cut-custom/ | /shop/stickers-labels-decals/die-cut-stickers/","301","Live product export row (selected sticker/label SEO set)"
"stickers-labels-decals","Stickers, Labels & Decals","sticker-pages","stickers-multi-on-sheet","liveProduct","stickers","sticker-sheets","/stickers/sticker-sheets/","/shop/stickers-labels-decals/stickers-multi-on-sheet/ | /order/stickers-multi-on-sheet/ | /shop/stickers-labels-decals/sticker-pages/","301","Live product export row (selected sticker/label SEO set)"
"stickers-labels-decals","Stickers, Labels & Decals","sticker-rolls","stickers-roll-labels","liveProduct","stickers","roll-labels","/stickers/roll-labels/","/shop/stickers-labels-decals/stickers-roll-labels/ | /order/stickers-roll-labels/ | /shop/stickers-labels-decals/sticker-rolls/","301","Live product export row (selected sticker/label SEO set)"
"stickers-labels-decals","Stickers, Labels & Decals","sticker-pages","stickers-sheet-kisscut","liveProduct","stickers","sticker-sheets","/stickers/sticker-sheets/","/shop/stickers-labels-decals/stickers-sheet-kisscut/ | /order/stickers-sheet-kisscut/ | /shop/stickers-labels-decals/sticker-pages/","301","Live product export row (selected sticker/label SEO set)"
"stickers-labels-decals","Stickers, Labels & Decals","die-cut-stickers","stickers-single-diecut","liveProduct","stickers","die-cut-stickers","/stickers/die-cut-stickers/","/shop/stickers-labels-decals/stickers-single-diecut/ | /order/stickers-single-diecut/ | /shop/stickers-labels-decals/die-cut-stickers/","301","Live product export row (selected sticker/label SEO set)"
"stickers-labels-decals","Stickers, Labels & Decals","asset-equipment-tags","tool-box-bin-labels","liveProduct","stickers","asset-equipment-labels","/stickers/asset-equipment-labels/","/shop/stickers-labels-decals/tool-box-bin-labels/ | /order/tool-box-bin-labels/ | /shop/stickers-labels-decals/asset-equipment-tags/","301","Live product export row (selected sticker/label SEO set)"
"stickers-labels-decals","Stickers, Labels & Decals","pipe-valve-labels","valve-tags-engraved","liveProduct","stickers","pipe-valve-labels","/stickers/pipe-valve-labels/","/shop/stickers-labels-decals/valve-tags-engraved/ | /order/valve-tags-engraved/ | /shop/stickers-labels-decals/pipe-valve-labels/","301","Live product export row (selected sticker/label SEO set)"
"stickers-labels-decals","Stickers, Labels & Decals","warehouse-labels","warehouse-zone-labels","liveProduct","stickers","warehouse-labels","/stickers/warehouse-labels/","/shop/stickers-labels-decals/warehouse-zone-labels/ | /order/warehouse-zone-labels/ | /shop/stickers-labels-decals/warehouse-labels/","301","Live product export row (selected sticker/label SEO set)"
"stickers-labels-decals","Stickers, Labels & Decals","sticker-rolls","white-bopp-labels","liveProduct","stickers","roll-labels","/stickers/roll-labels/","/shop/stickers-labels-decals/white-bopp-labels/ | /order/white-bopp-labels/ | /shop/stickers-labels-decals/sticker-rolls/","301","Live product export row (selected sticker/label SEO set)"
"stickers-labels-decals","Stickers, Labels & Decals","electrical-chemical","whmis-workplace-labels","liveProduct","stickers","electrical-chemical-labels","/stickers/electrical-chemical-labels/","/shop/stickers-labels-decals/whmis-workplace-labels/ | /order/whmis-workplace-labels/ | /shop/stickers-labels-decals/electrical-chemical/","301","Live product export row (selected sticker/label SEO set)"
"vehicle-graphics-fleet","Vehicle Graphics & Fleet","vehicle-decals","boat-lettering-registration","liveProduct","vehicle-graphics","vehicle-decals-lettering","/vehicle-graphics/vehicle-decals-lettering/","/shop/vehicle-graphics-fleet/boat-lettering-registration/ | /order/boat-lettering-registration/ | /shop/vehicle-graphics-fleet/vehicle-decals/","301","All vehicle/fleet live products included"
"vehicle-graphics-fleet","Vehicle Graphics & Fleet","vehicle-decals","bumper-sticker-custom","liveProduct","vehicle-graphics","vehicle-decals-lettering","/vehicle-graphics/vehicle-decals-lettering/","/shop/vehicle-graphics-fleet/bumper-sticker-custom/ | /order/bumper-sticker-custom/ | /shop/vehicle-graphics-fleet/vehicle-decals/","301","All vehicle/fleet live products included"
"vehicle-graphics-fleet","Vehicle Graphics & Fleet","magnetic-signs","car-door-magnets-pair","liveProduct","vehicle-graphics","magnetic-vehicle-signs","/vehicle-graphics/magnetic-vehicle-signs/","/shop/vehicle-graphics-fleet/car-door-magnets-pair/ | /order/car-door-magnets-pair/ | /shop/vehicle-graphics-fleet/magnetic-signs/","301","All vehicle/fleet live products included"
"vehicle-graphics-fleet","Vehicle Graphics & Fleet","vehicle-graphics","car-graphics","liveProduct","vehicle-graphics","car-graphics","/vehicle-graphics/car-graphics/","/shop/vehicle-graphics-fleet/car-graphics/ | /order/car-graphics/ | /shop/vehicle-graphics-fleet/vehicle-graphics/","301","All vehicle/fleet live products included"
"vehicle-graphics-fleet","Vehicle Graphics & Fleet","door-panel-graphics","car-hood-decal","liveProduct","vehicle-graphics","truck-door-logo-decals","/vehicle-graphics/truck-door-logo-decals/","/shop/vehicle-graphics-fleet/car-hood-decal/ | /order/car-hood-decal/ | /shop/vehicle-graphics-fleet/door-panel-graphics/","301","All vehicle/fleet live products included"
"vehicle-graphics-fleet","Vehicle Graphics & Fleet","vehicle-decals","custom-cut-vinyl-lettering-any-text","liveProduct","vehicle-graphics","vehicle-decals-lettering","/vehicle-graphics/vehicle-decals-lettering/","/shop/vehicle-graphics-fleet/custom-cut-vinyl-lettering-any-text/ | /order/custom-cut-vinyl-lettering-any-text/ | /shop/vehicle-graphics-fleet/vehicle-decals/","301","All vehicle/fleet live products included"
"vehicle-graphics-fleet","Vehicle Graphics & Fleet","vehicle-decals","custom-printed-vehicle-logo-decals","liveProduct","vehicle-graphics","vehicle-decals-lettering","/vehicle-graphics/vehicle-decals-lettering/","/shop/vehicle-graphics-fleet/custom-printed-vehicle-logo-decals/ | /order/custom-printed-vehicle-logo-decals/ | /shop/vehicle-graphics-fleet/vehicle-decals/","301","All vehicle/fleet live products included"
"vehicle-graphics-fleet","Vehicle Graphics & Fleet","door-panel-graphics","custom-truck-door-lettering-kit","liveProduct","vehicle-graphics","truck-door-logo-decals","/vehicle-graphics/truck-door-logo-decals/","/shop/vehicle-graphics-fleet/custom-truck-door-lettering-kit/ | /order/custom-truck-door-lettering-kit/ | /shop/vehicle-graphics-fleet/door-panel-graphics/","301","All vehicle/fleet live products included"
"vehicle-graphics-fleet","Vehicle Graphics & Fleet","dot-mc-numbers","cvor-number-decals","liveProduct","vehicle-graphics","dot-mc-cvor-number-decals","/vehicle-graphics/dot-mc-cvor-number-decals/","/shop/vehicle-graphics-fleet/cvor-number-decals/ | /order/cvor-number-decals/ | /shop/vehicle-graphics-fleet/dot-mc-numbers/","301","All vehicle/fleet live products included"
"vehicle-graphics-fleet","Vehicle Graphics & Fleet","spec-labels","dangerous-goods-placards","liveProduct","vehicle-graphics","fleet-spec-safety-labels","/vehicle-graphics/fleet-spec-safety-labels/","/shop/vehicle-graphics-fleet/dangerous-goods-placards/ | /order/dangerous-goods-placards/ | /shop/vehicle-graphics-fleet/spec-labels/","301","All vehicle/fleet live products included"
"vehicle-graphics-fleet","Vehicle Graphics & Fleet","unit-weight-ids","equipment-id-decals-cut-vinyl","liveProduct","vehicle-graphics","fleet-unit-number-weight-decals","/vehicle-graphics/fleet-unit-number-weight-decals/","/shop/vehicle-graphics-fleet/equipment-id-decals-cut-vinyl/ | /order/equipment-id-decals-cut-vinyl/ | /shop/vehicle-graphics-fleet/unit-weight-ids/","301","All vehicle/fleet live products included"
"vehicle-graphics-fleet","Vehicle Graphics & Fleet","fleet-packages","fleet-graphic-package","liveProduct","vehicle-graphics","fleet-branding-kits","/vehicle-graphics/fleet-branding-kits/","/shop/vehicle-graphics-fleet/fleet-graphic-package/ | /order/fleet-graphic-package/ | /shop/vehicle-graphics-fleet/fleet-packages/","301","All vehicle/fleet live products included"
"vehicle-graphics-fleet","Vehicle Graphics & Fleet","unit-weight-ids","fleet-unit-number-stickers","liveProduct","vehicle-graphics","fleet-unit-number-weight-decals","/vehicle-graphics/fleet-unit-number-weight-decals/","/shop/vehicle-graphics-fleet/fleet-unit-number-stickers/ | /order/fleet-unit-number-stickers/ | /shop/vehicle-graphics-fleet/unit-weight-ids/","301","All vehicle/fleet live products included"
"vehicle-graphics-fleet","Vehicle Graphics & Fleet","inspection-compliance","fleet-vehicle-inspection-book","liveProduct","vehicle-graphics","fleet-inspection-compliance-kits","/vehicle-graphics/fleet-inspection-compliance-kits/","/shop/vehicle-graphics-fleet/fleet-vehicle-inspection-book/ | /order/fleet-vehicle-inspection-book/ | /shop/vehicle-graphics-fleet/inspection-compliance/","301","All vehicle/fleet live products included"
"vehicle-graphics-fleet","Vehicle Graphics & Fleet","spec-labels","fuel-type-labels-diesel-gas","liveProduct","vehicle-graphics","fleet-spec-safety-labels","/vehicle-graphics/fleet-spec-safety-labels/","/shop/vehicle-graphics-fleet/fuel-type-labels-diesel-gas/ | /order/fuel-type-labels-diesel-gas/ | /shop/vehicle-graphics-fleet/spec-labels/","301","All vehicle/fleet live products included"
"vehicle-graphics-fleet","Vehicle Graphics & Fleet","vehicle-wraps","full-vehicle-wrap-design-print","liveProduct","vehicle-graphics","vehicle-wraps","/vehicle-graphics/vehicle-wraps/","/shop/vehicle-graphics-fleet/full-vehicle-wrap-design-print/ | /order/full-vehicle-wrap-design-print/ | /shop/vehicle-graphics-fleet/vehicle-wraps/","301","All vehicle/fleet live products included"
"vehicle-graphics-fleet","Vehicle Graphics & Fleet","unit-weight-ids","gvw-tare-weight-lettering","liveProduct","vehicle-graphics","fleet-unit-number-weight-decals","/vehicle-graphics/fleet-unit-number-weight-decals/","/shop/vehicle-graphics-fleet/gvw-tare-weight-lettering/ | /order/gvw-tare-weight-lettering/ | /shop/vehicle-graphics-fleet/unit-weight-ids/","301","All vehicle/fleet live products included"
"vehicle-graphics-fleet","Vehicle Graphics & Fleet","fleet-packages","high-visibility-rear-chevron-kit","liveProduct","vehicle-graphics","fleet-branding-kits","/vehicle-graphics/fleet-branding-kits/","/shop/vehicle-graphics-fleet/high-visibility-rear-chevron-kit/ | /order/high-visibility-rear-chevron-kit/ | /shop/vehicle-graphics-fleet/fleet-packages/","301","All vehicle/fleet live products included"
"vehicle-graphics-fleet","Vehicle Graphics & Fleet","inspection-compliance","hours-of-service-log-holder","liveProduct","vehicle-graphics","fleet-inspection-compliance-kits","/vehicle-graphics/fleet-inspection-compliance-kits/","/shop/vehicle-graphics-fleet/hours-of-service-log-holder/ | /order/hours-of-service-log-holder/ | /shop/vehicle-graphics-fleet/inspection-compliance/","301","All vehicle/fleet live products included"
"vehicle-graphics-fleet","Vehicle Graphics & Fleet","inspection-compliance","ifta-cab-card-holder","liveProduct","vehicle-graphics","fleet-inspection-compliance-kits","/vehicle-graphics/fleet-inspection-compliance-kits/","/shop/vehicle-graphics-fleet/ifta-cab-card-holder/ | /order/ifta-cab-card-holder/ | /shop/vehicle-graphics-fleet/inspection-compliance/","301","All vehicle/fleet live products included"
"vehicle-graphics-fleet","Vehicle Graphics & Fleet","vehicle-decals","long-term-outdoor-vehicle-decals","liveProduct","vehicle-graphics","vehicle-decals-lettering","/vehicle-graphics/vehicle-decals-lettering/","/shop/vehicle-graphics-fleet/long-term-outdoor-vehicle-decals/ | /order/long-term-outdoor-vehicle-decals/ | /shop/vehicle-graphics-fleet/vehicle-decals/","301","All vehicle/fleet live products included"
"vehicle-graphics-fleet","Vehicle Graphics & Fleet","magnetic-signs","magnetic-car-signs","liveProduct","vehicle-graphics","magnetic-vehicle-signs","/vehicle-graphics/magnetic-vehicle-signs/","/shop/vehicle-graphics-fleet/magnetic-car-signs/ | /order/magnetic-car-signs/ | /shop/vehicle-graphics-fleet/magnetic-signs/","301","All vehicle/fleet live products included"
"vehicle-graphics-fleet","Vehicle Graphics & Fleet","magnetic-signs","magnetic-rooftop-sign","liveProduct","vehicle-graphics","magnetic-vehicle-signs","/vehicle-graphics/magnetic-vehicle-signs/","/shop/vehicle-graphics-fleet/magnetic-rooftop-sign/ | /order/magnetic-rooftop-sign/ | /shop/vehicle-graphics-fleet/magnetic-signs/","301","All vehicle/fleet live products included"
"vehicle-graphics-fleet","Vehicle Graphics & Fleet","magnetic-signs","magnetic-truck-door-signs","liveProduct","vehicle-graphics","magnetic-vehicle-signs","/vehicle-graphics/magnetic-vehicle-signs/","/shop/vehicle-graphics-fleet/magnetic-truck-door-signs/ | /order/magnetic-truck-door-signs/ | /shop/vehicle-graphics-fleet/magnetic-signs/","301","All vehicle/fleet live products included"
"vehicle-graphics-fleet","Vehicle Graphics & Fleet","magnetic-signs","magnets-flexible","liveProduct","vehicle-graphics","magnetic-vehicle-signs","/vehicle-graphics/magnetic-vehicle-signs/","/shop/vehicle-graphics-fleet/magnets-flexible/ | /order/magnets-flexible/ | /shop/vehicle-graphics-fleet/magnetic-signs/","301","All vehicle/fleet live products included"
"vehicle-graphics-fleet","Vehicle Graphics & Fleet","dot-mc-numbers","mc-number-decals","liveProduct","vehicle-graphics","dot-mc-cvor-number-decals","/vehicle-graphics/dot-mc-cvor-number-decals/","/shop/vehicle-graphics-fleet/mc-number-decals/ | /order/mc-number-decals/ | /shop/vehicle-graphics-fleet/dot-mc-numbers/","301","All vehicle/fleet live products included"
"vehicle-graphics-fleet","Vehicle Graphics & Fleet","dot-mc-numbers","nsc-number-decals","liveProduct","vehicle-graphics","dot-mc-cvor-number-decals","/vehicle-graphics/dot-mc-cvor-number-decals/","/shop/vehicle-graphics-fleet/nsc-number-decals/ | /order/nsc-number-decals/ | /shop/vehicle-graphics-fleet/dot-mc-numbers/","301","All vehicle/fleet live products included"
"vehicle-graphics-fleet","Vehicle Graphics & Fleet","vehicle-wraps","partial-wrap-spot-graphics","liveProduct","vehicle-graphics","vehicle-wraps","/vehicle-graphics/vehicle-wraps/","/shop/vehicle-graphics-fleet/partial-wrap-spot-graphics/ | /order/partial-wrap-spot-graphics/ | /shop/vehicle-graphics-fleet/vehicle-wraps/","301","All vehicle/fleet live products included"
"vehicle-graphics-fleet","Vehicle Graphics & Fleet","door-panel-graphics","printed-truck-door-decals-full-color","liveProduct","vehicle-graphics","truck-door-logo-decals","/vehicle-graphics/truck-door-logo-decals/","/shop/vehicle-graphics-fleet/printed-truck-door-decals-full-color/ | /order/printed-truck-door-decals-full-color/ | /shop/vehicle-graphics-fleet/door-panel-graphics/","301","All vehicle/fleet live products included"
"vehicle-graphics-fleet","Vehicle Graphics & Fleet","fleet-packages","reflective-conspicuity-tape-kit","liveProduct","vehicle-graphics","fleet-branding-kits","/vehicle-graphics/fleet-branding-kits/","/shop/vehicle-graphics-fleet/reflective-conspicuity-tape-kit/ | /order/reflective-conspicuity-tape-kit/ | /shop/vehicle-graphics-fleet/fleet-packages/","301","All vehicle/fleet live products included"
"vehicle-graphics-fleet","Vehicle Graphics & Fleet","fleet-packages","reflective-safety-stripes-kit","liveProduct","vehicle-graphics","fleet-branding-kits","/vehicle-graphics/fleet-branding-kits/","/shop/vehicle-graphics-fleet/reflective-safety-stripes-kit/ | /order/reflective-safety-stripes-kit/ | /shop/vehicle-graphics-fleet/fleet-packages/","301","All vehicle/fleet live products included"
"vehicle-graphics-fleet","Vehicle Graphics & Fleet","vehicle-decals","removable-promo-vehicle-decals","liveProduct","vehicle-graphics","vehicle-decals-lettering","/vehicle-graphics/vehicle-decals-lettering/","/shop/vehicle-graphics-fleet/removable-promo-vehicle-decals/ | /order/removable-promo-vehicle-decals/ | /shop/vehicle-graphics-fleet/vehicle-decals/","301","All vehicle/fleet live products included"
"vehicle-graphics-fleet","Vehicle Graphics & Fleet","vehicle-decals","social-qr-vehicle-decals","liveProduct","vehicle-graphics","vehicle-decals-lettering","/vehicle-graphics/vehicle-decals-lettering/","/shop/vehicle-graphics-fleet/social-qr-vehicle-decals/ | /order/social-qr-vehicle-decals/ | /shop/vehicle-graphics-fleet/vehicle-decals/","301","All vehicle/fleet live products included"
"vehicle-graphics-fleet","Vehicle Graphics & Fleet","fleet-packages","stay-back-warning-decals","liveProduct","vehicle-graphics","fleet-branding-kits","/vehicle-graphics/fleet-branding-kits/","/shop/vehicle-graphics-fleet/stay-back-warning-decals/ | /order/stay-back-warning-decals/ | /shop/vehicle-graphics-fleet/fleet-packages/","301","All vehicle/fleet live products included"
"vehicle-graphics-fleet","Vehicle Graphics & Fleet","door-panel-graphics","tailgate-rear-door-printed-decal","liveProduct","vehicle-graphics","truck-door-logo-decals","/vehicle-graphics/truck-door-logo-decals/","/shop/vehicle-graphics-fleet/tailgate-rear-door-printed-decal/ | /order/tailgate-rear-door-printed-decal/ | /shop/vehicle-graphics-fleet/door-panel-graphics/","301","All vehicle/fleet live products included"
"vehicle-graphics-fleet","Vehicle Graphics & Fleet","spec-labels","tire-pressure-load-labels","liveProduct","vehicle-graphics","fleet-spec-safety-labels","/vehicle-graphics/fleet-spec-safety-labels/","/shop/vehicle-graphics-fleet/tire-pressure-load-labels/ | /order/tire-pressure-load-labels/ | /shop/vehicle-graphics-fleet/spec-labels/","301","All vehicle/fleet live products included"
"vehicle-graphics-fleet","Vehicle Graphics & Fleet","vehicle-wraps","trailer-box-truck-large-graphics","liveProduct","vehicle-graphics","vehicle-wraps","/vehicle-graphics/vehicle-wraps/","/shop/vehicle-graphics-fleet/trailer-box-truck-large-graphics/ | /order/trailer-box-truck-large-graphics/ | /shop/vehicle-graphics-fleet/vehicle-wraps/","301","All vehicle/fleet live products included"
"vehicle-graphics-fleet","Vehicle Graphics & Fleet","vehicle-wraps","trailer-full-wrap","liveProduct","vehicle-graphics","vehicle-wraps","/vehicle-graphics/vehicle-wraps/","/shop/vehicle-graphics-fleet/trailer-full-wrap/ | /order/trailer-full-wrap/ | /shop/vehicle-graphics-fleet/vehicle-wraps/","301","All vehicle/fleet live products included"
"vehicle-graphics-fleet","Vehicle Graphics & Fleet","dot-mc-numbers","trailer-id-number-decals","liveProduct","vehicle-graphics","dot-mc-cvor-number-decals","/vehicle-graphics/dot-mc-cvor-number-decals/","/shop/vehicle-graphics-fleet/trailer-id-number-decals/ | /order/trailer-id-number-decals/ | /shop/vehicle-graphics-fleet/dot-mc-numbers/","301","All vehicle/fleet live products included"
"vehicle-graphics-fleet","Vehicle Graphics & Fleet","inspection-compliance","truck-door-compliance-kit","liveProduct","vehicle-graphics","fleet-inspection-compliance-kits","/vehicle-graphics/fleet-inspection-compliance-kits/","/shop/vehicle-graphics-fleet/truck-door-compliance-kit/ | /order/truck-door-compliance-kit/ | /shop/vehicle-graphics-fleet/inspection-compliance/","301","All vehicle/fleet live products included"
"vehicle-graphics-fleet","Vehicle Graphics & Fleet","door-panel-graphics","truck-side-panel-printed-decal","liveProduct","vehicle-graphics","truck-door-logo-decals","/vehicle-graphics/truck-door-logo-decals/","/shop/vehicle-graphics-fleet/truck-side-panel-printed-decal/ | /order/truck-side-panel-printed-decal/ | /shop/vehicle-graphics-fleet/door-panel-graphics/","301","All vehicle/fleet live products included"
"vehicle-graphics-fleet","Vehicle Graphics & Fleet","dot-mc-numbers","tssa-truck-number-lettering-cut-vinyl","liveProduct","vehicle-graphics","dot-mc-cvor-number-decals","/vehicle-graphics/dot-mc-cvor-number-decals/","/shop/vehicle-graphics-fleet/tssa-truck-number-lettering-cut-vinyl/ | /order/tssa-truck-number-lettering-cut-vinyl/ | /shop/vehicle-graphics-fleet/dot-mc-numbers/","301","All vehicle/fleet live products included"
"vehicle-graphics-fleet","Vehicle Graphics & Fleet","dot-mc-numbers","usdot-number-decals","liveProduct","vehicle-graphics","dot-mc-cvor-number-decals","/vehicle-graphics/dot-mc-cvor-number-decals/","/shop/vehicle-graphics-fleet/usdot-number-decals/ | /order/usdot-number-decals/ | /shop/vehicle-graphics-fleet/dot-mc-numbers/","301","All vehicle/fleet live products included"
"vehicle-graphics-fleet","Vehicle Graphics & Fleet","inspection-compliance","vehicle-inspection-maintenance-stickers","liveProduct","vehicle-graphics","fleet-inspection-compliance-kits","/vehicle-graphics/fleet-inspection-compliance-kits/","/shop/vehicle-graphics-fleet/vehicle-inspection-maintenance-stickers/ | /order/vehicle-inspection-maintenance-stickers/ | /shop/vehicle-graphics-fleet/inspection-compliance/","301","All vehicle/fleet live products included"
"vehicle-graphics-fleet","Vehicle Graphics & Fleet","vehicle-wraps","vehicle-roof-wrap","liveProduct","vehicle-graphics","vehicle-wraps","/vehicle-graphics/vehicle-wraps/","/shop/vehicle-graphics-fleet/vehicle-roof-wrap/ | /order/vehicle-roof-wrap/ | /shop/vehicle-graphics-fleet/vehicle-wraps/","301","All vehicle/fleet live products included"
"vehicle-graphics-fleet","Vehicle Graphics & Fleet","vehicle-wraps","vehicle-wrap-print-only-quote","liveProduct","vehicle-graphics","vehicle-wraps","/vehicle-graphics/vehicle-wraps/","/shop/vehicle-graphics-fleet/vehicle-wrap-print-only-quote/ | /order/vehicle-wrap-print-only-quote/ | /shop/vehicle-graphics-fleet/vehicle-wraps/","301","All vehicle/fleet live products included"
"windows-walls-floors","Windows, Walls & Floors","blockout-vinyl","blockout-vinyl","catalogSubGroup","surface-graphics","blockout-window-vinyl","/surface-graphics/blockout-window-vinyl/","/shop/windows-walls-floors/blockout-vinyl/ | /order/blockout-vinyl/","301","Current windows/walls/floors family page from catalog config"
"windows-walls-floors","Windows, Walls & Floors","floor-graphics","floor-graphics","catalogSubGroup","surface-graphics","floor-graphics","/surface-graphics/floor-graphics/","/shop/windows-walls-floors/floor-graphics/ | /order/floor-graphics/","301","Current windows/walls/floors family page from catalog config"
"windows-walls-floors","Windows, Walls & Floors","frosted-window-film","frosted-window-film","catalogSubGroup","surface-graphics","frosted-privacy-film","/surface-graphics/frosted-privacy-film/","/shop/windows-walls-floors/frosted-window-film/ | /order/frosted-window-film/","301","Current windows/walls/floors family page from catalog config"
"windows-walls-floors","Windows, Walls & Floors","glass-waistline","glass-waistline","catalogSubGroup","surface-graphics","glass-waistline-stripes","/surface-graphics/glass-waistline-stripes/","/shop/windows-walls-floors/glass-waistline/ | /order/glass-waistline/","301","Current windows/walls/floors family page from catalog config"
"windows-walls-floors","Windows, Walls & Floors","one-way-vision","one-way-vision","catalogSubGroup","surface-graphics","one-way-vision-film","/surface-graphics/one-way-vision-film/","/shop/windows-walls-floors/one-way-vision/ | /order/one-way-vision/","301","Current windows/walls/floors family page from catalog config"
"windows-walls-floors","Windows, Walls & Floors","opaque-window-graphics","opaque-window-graphics","catalogSubGroup","surface-graphics","window-decals-opaque","/surface-graphics/window-decals-opaque/","/shop/windows-walls-floors/opaque-window-graphics/ | /order/opaque-window-graphics/","301","Current windows/walls/floors family page from catalog config"
"windows-walls-floors","Windows, Walls & Floors","static-cling","static-cling","catalogSubGroup","surface-graphics","static-clings","/surface-graphics/static-clings/","/shop/windows-walls-floors/static-cling/ | /order/static-cling/","301","Current windows/walls/floors family page from catalog config"
"windows-walls-floors","Windows, Walls & Floors","transparent-color-film","transparent-color-film","catalogSubGroup","surface-graphics","window-color-films","/surface-graphics/window-color-films/","/shop/windows-walls-floors/transparent-color-film/ | /order/transparent-color-film/","301","Current windows/walls/floors family page from catalog config"
"windows-walls-floors","Windows, Walls & Floors","wall-graphics","wall-graphics","catalogSubGroup","surface-graphics","wall-graphics","/surface-graphics/wall-graphics/","/shop/windows-walls-floors/wall-graphics/ | /order/wall-graphics/","301","Current windows/walls/floors family page from catalog config"